dataset,evaluation_mode,num_agents,num_scenes,num_frames,scenario,TP,FP,FN,precision,recall,F1,IDF1,false_new_tracks,false_new_tracks_per_100_frames,track_breaks,requires_training,uses_temporal_memory,uses_inter_agent_consistency,runtime_ms_per_frame,feature_mode,seed,setting
custom_uav_swarm_v8,controlled_geometric_multi_uav_simulation,3,2,600,c_only,27248,1994,10527,0.9318104096847001,0.7213236267372601,0.8131668084217437,0.8131668084217437,1904,317.3333333333333,5404,False,False,True,2.7179821700369647e-05,c_only,11,controlled_multiagent
custom_uav_swarm_v8,controlled_geometric_multi_uav_simulation,3,2,600,c_k,27234,1528,10541,0.9468743480981852,0.7209530112508272,0.8186122007304206,0.8186122007304206,1449,241.5,5401,False,False,True,2.7179821700369647e-05,c_k,11,controlled_multiagent
custom_uav_swarm_v8,controlled_geometric_multi_uav_simulation,3,2,600,c_temporal,32100,1322,5675,0.9604452157261684,0.8497683653209794,0.9017233872213717,0.9017233872213717,1251,208.5,3982,False,True,True,2.7179821700369647e-05,c_temporal,11,controlled_multiagent
custom_uav_swarm_v8,controlled_geometric_multi_uav_simulation,3,2,600,c_geometric,26101,567,11674,0.9787385630718464,0.6909596293845136,0.8100491907577237,0.8100491907577237,552,92.0,5416,False,False,True,2.7179821700369647e-05,c_geometric,11,controlled_multiagent
custom_uav_swarm_v8,controlled_geometric_multi_uav_simulation,3,2,600,c_k_temporal,32100,1322,5675,0.9604452157261684,0.8497683653209794,0.9017233872213717,0.9017233872213717,1251,208.5,3982,False,True,True,2.7179821700369647e-05,c_k_temporal,11,controlled_multiagent
custom_uav_swarm_v8,controlled_geometric_multi_uav_simulation,3,2,600,c_k_geometric,26089,553,11686,0.9792433000525486,0.6906419589675712,0.8100035704860519,0.8100035704860519,539,89.83333333333333,5414,False,False,True,2.7179821700369647e-05,c_k_geometric,11,controlled_multiagent
custom_uav_swarm_v8,controlled_geometric_multi_uav_simulation,3,2,600,c_temporal_geometric,32096,579,5679,0.9822800306044377,0.8496624751819987,0.9111710432931156,0.9111710432931156,555,92.5,3983,False,True,True,2.7179821700369647e-05,c_temporal_geometric,11,controlled_multiagent
custom_uav_swarm_v8,controlled_geometric_multi_uav_simulation,3,2,600,full,32096,579,5679,0.9822800306044377,0.8496624751819987,0.9111710432931156,0.9111710432931156,555,92.5,3983,False,False,True,2.7179821700369647e-05,full,11,controlled_multiagent
custom_uav_swarm_v8,controlled_geometric_multi_uav_simulation,3,2,600,c_only,27236,2004,10539,0.9314637482900137,0.7210059563203177,0.8128329478474969,0.8128329478474969,1911,318.5,5409,False,False,True,2.7179821700369647e-05,c_only,22,controlled_multiagent
custom_uav_swarm_v8,controlled_geometric_multi_uav_simulation,3,2,600,c_k,27223,1525,10552,0.9469528315013218,0.72066181336863,0.8184537678697592,0.8184537678697592,1444,240.66666666666669,5407,False,False,True,2.7179821700369647e-05,c_k,22,controlled_multiagent
custom_uav_swarm_v8,controlled_geometric_multi_uav_simulation,3,2,600,c_temporal,32101,1318,5674,0.9605613573117089,0.8497948378557247,0.90178947664129,0.90178947664129,1247,207.83333333333331,3982,False,True,True,2.7179821700369647e-05,c_temporal,22,controlled_multiagent
custom_uav_swarm_v8,controlled_geometric_multi_uav_simulation,3,2,600,c_geometric,26097,568,11678,0.9786986686667917,0.6908537392455327,0.8099627560521416,0.8099627560521416,554,92.33333333333333,5410,False,False,True,2.7179821700369647e-05,c_geometric,22,controlled_multiagent
custom_uav_swarm_v8,controlled_geometric_multi_uav_simulation,3,2,600,c_k_temporal,32101,1318,5674,0.9605613573117089,0.8497948378557247,0.90178947664129,0.90178947664129,1247,207.83333333333331,3982,False,True,True,2.7179821700369647e-05,c_k_temporal,22,controlled_multiagent
custom_uav_swarm_v8,controlled_geometric_multi_uav_simulation,3,2,600,c_k_geometric,26086,555,11689,0.9791674486693442,0.6905625413633355,0.809923000496771,0.809923000496771,541,90.16666666666666,5409,False,False,True,2.7179821700369647e-05,c_k_geometric,22,controlled_multiagent
custom_uav_swarm_v8,controlled_geometric_multi_uav_simulation,3,2,600,c_temporal_geometric,32097,580,5678,0.9822505125929553,0.8496889477167439,0.9111735649804122,0.9111735649804122,557,92.83333333333333,3983,False,True,True,2.7179821700369647e-05,c_temporal_geometric,22,controlled_multiagent
custom_uav_swarm_v8,controlled_geometric_multi_uav_simulation,3,2,600,full,32097,580,5678,0.9822505125929553,0.8496889477167439,0.9111735649804122,0.9111735649804122,557,92.83333333333333,3983,False,False,True,2.7179821700369647e-05,full,22,controlled_multiagent
custom_uav_swarm_v8,controlled_geometric_multi_uav_simulation,3,2,600,c_only,27220,2006,10555,0.9313624854581537,0.7205823957643944,0.8125251861912509,0.8125251861912509,1912,318.66666666666663,5422,False,False,True,2.7179821700369647e-05,c_only,33,controlled_multiagent
custom_uav_swarm_v8,controlled_geometric_multi_uav_simulation,3,2,600,c_k,27206,1518,10569,0.94715220721348,0.7202117802779616,0.8182378682386201,0.8182378682386201,1436,239.33333333333334,5419,False,False,True,2.7179821700369647e-05,c_k,33,controlled_multiagent
custom_uav_swarm_v8,controlled_geometric_multi_uav_simulation,3,2,600,c_temporal,32101,1319,5674,0.9605326152004787,0.8497948378557247,0.9017768101692534,0.9017768101692534,1248,208.0,3982,False,True,True,2.7179821700369647e-05,c_temporal,33,controlled_multiagent
custom_uav_swarm_v8,controlled_geometric_multi_uav_simulation,3,2,600,c_geometric,26084,565,11691,0.9787984539757589,0.6905095962938451,0.8097603377623246,0.8097603377623246,550,91.66666666666666,5426,False,False,True,2.7179821700369647e-05,c_geometric,33,controlled_multiagent
custom_uav_swarm_v8,controlled_geometric_multi_uav_simulation,3,2,600,c_k_temporal,32101,1319,5674,0.9605326152004787,0.8497948378557247,0.9017768101692534,0.9017768101692534,1248,208.0,3982,False,True,True,2.7179821700369647e-05,c_k_temporal,33,controlled_multiagent
custom_uav_swarm_v8,controlled_geometric_multi_uav_simulation,3,2,600,c_k_geometric,26072,554,11703,0.9791932697363479,0.6901919258769027,0.8096768683716091,0.8096768683716091,539,89.83333333333333,5424,False,False,True,2.7179821700369647e-05,c_k_geometric,33,controlled_multiagent
custom_uav_swarm_v8,controlled_geometric_multi_uav_simulation,3,2,600,c_temporal_geometric,32097,579,5678,0.9822805728975395,0.8496889477167439,0.9111864984173398,0.9111864984173398,555,92.5,3983,False,True,True,2.7179821700369647e-05,c_temporal_geometric,33,controlled_multiagent
custom_uav_swarm_v8,controlled_geometric_multi_uav_simulation,3,2,600,full,32097,579,5678,0.9822805728975395,0.8496889477167439,0.9111864984173398,0.9111864984173398,555,92.5,3983,False,False,True,2.7179821700369647e-05,full,33,controlled_multiagent
custom_uav_swarm_v8,controlled_geometric_multi_uav_simulation,3,2,600,c_only,27231,2001,10544,0.9315476190476191,0.7208735936465916,0.8127807542495561,0.8127807542495561,1907,317.8333333333333,5397,False,False,True,2.7179821700369647e-05,c_only,44,controlled_multiagent
custom_uav_swarm_v8,controlled_geometric_multi_uav_simulation,3,2,600,c_k,27217,1527,10558,0.9468758697467298,0.7205029781601588,0.8183225845247224,0.8183225845247224,1445,240.83333333333331,5394,False,False,True,2.7179821700369647e-05,c_k,44,controlled_multiagent
custom_uav_swarm_v8,controlled_geometric_multi_uav_simulation,3,2,600,c_temporal,32100,1317,5675,0.9605889218062663,0.8497683653209794,0.9017867176087201,0.9017867176087201,1246,207.66666666666666,3982,False,True,True,2.7179821700369647e-05,c_temporal,44,controlled_multiagent
custom_uav_swarm_v8,controlled_geometric_multi_uav_simulation,3,2,600,c_geometric,26093,562,11682,0.9789157756518477,0.690747849106552,0.8099643023436287,0.8099643023436287,546,91.0,5403,False,False,True,2.7179821700369647e-05,c_geometric,44,controlled_multiagent
custom_uav_swarm_v8,controlled_geometric_multi_uav_simulation,3,2,600,c_k_temporal,32100,1317,5675,0.9605889218062663,0.8497683653209794,0.9017867176087201,0.9017867176087201,1246,207.66666666666666,3982,False,True,True,2.7179821700369647e-05,c_k_temporal,44,controlled_multiagent
custom_uav_swarm_v8,controlled_geometric_multi_uav_simulation,3,2,600,c_k_geometric,26081,551,11694,0.9793106037849204,0.6904301786896095,0.8098809135652956,0.8098809135652956,536,89.33333333333333,5401,False,False,True,2.7179821700369647e-05,c_k_geometric,44,controlled_multiagent
custom_uav_swarm_v8,controlled_geometric_multi_uav_simulation,3,2,600,c_temporal_geometric,32096,575,5679,0.9824002938385724,0.8496624751819987,0.9112227805695143,0.9112227805695143,550,91.66666666666666,3983,False,True,True,2.7179821700369647e-05,c_temporal_geometric,44,controlled_multiagent
custom_uav_swarm_v8,controlled_geometric_multi_uav_simulation,3,2,600,full,32096,575,5679,0.9824002938385724,0.8496624751819987,0.9112227805695143,0.9112227805695143,550,91.66666666666666,3983,False,False,True,2.7179821700369647e-05,full,44,controlled_multiagent
custom_uav_swarm_v8,controlled_geometric_multi_uav_simulation,3,2,600,c_only,27224,1994,10551,0.9317543979738517,0.7206882859033753,0.8127416297225083,0.8127416297225083,1900,316.66666666666663,5404,False,False,True,2.7179821700369647e-05,c_only,55,controlled_multiagent
custom_uav_swarm_v8,controlled_geometric_multi_uav_simulation,3,2,600,c_k,27212,1526,10563,0.9468995754749808,0.7203706154864328,0.8182460571617578,0.8182460571617578,1446,241.0,5402,False,False,True,2.7179821700369647e-05,c_k,55,controlled_multiagent
custom_uav_swarm_v8,controlled_geometric_multi_uav_simulation,3,2,600,c_temporal,32100,1315,5675,0.9606464162801137,0.8497683653209794,0.9018120522545301,0.9018120522545301,1244,207.33333333333331,3982,False,True,True,2.7179821700369647e-05,c_temporal,55,controlled_multiagent
custom_uav_swarm_v8,controlled_geometric_multi_uav_simulation,3,2,600,c_geometric,26079,568,11696,0.9786842796562465,0.6903772336201192,0.8096302505355314,0.8096302505355314,553,92.16666666666666,5405,False,False,True,2.7179821700369647e-05,c_geometric,55,controlled_multiagent
custom_uav_swarm_v8,controlled_geometric_multi_uav_simulation,3,2,600,c_k_temporal,32100,1315,5675,0.9606464162801137,0.8497683653209794,0.9018120522545301,0.9018120522545301,1244,207.33333333333331,3982,False,True,True,2.7179821700369647e-05,c_k_temporal,55,controlled_multiagent
custom_uav_swarm_v8,controlled_geometric_multi_uav_simulation,3,2,600,c_k_geometric,26069,556,11706,0.9791173708920188,0.6901125082726671,0.8095962732919254,0.8095962732919254,542,90.33333333333333,5404,False,False,True,2.7179821700369647e-05,c_k_geometric,55,controlled_multiagent
custom_uav_swarm_v8,controlled_geometric_multi_uav_simulation,3,2,600,c_temporal_geometric,32096,582,5679,0.982189852500153,0.8496624751819987,0.9111322441911629,0.9111322441911629,558,93.0,3983,False,True,True,2.7179821700369647e-05,c_temporal_geometric,55,controlled_multiagent
custom_uav_swarm_v8,controlled_geometric_multi_uav_simulation,3,2,600,full,32096,582,5679,0.982189852500153,0.8496624751819987,0.9111322441911629,0.9111322441911629,558,93.0,3983,False,False,True,2.7179821700369647e-05,full,55,controlled_multiagent
