method,TP,FP,FN,precision,recall,F1,IDF1,false_new_tracks,false_new_tracks_per_100_frames,track_breaks,detector,threshold,false_new_per_100_frames,F1_delta_vs_bytetrack,false_new_delta_vs_bytetrack,notes,sequence_id
confidence_threshold_0.1,12242,8617,10855,0.5868929478882018,0.5300255444430012,0.557011557011557,0.557011557011557,1638,353.01724137931035,862,yolov8s,0.1,353.01724137931035,0.10302451956588843,-5200.0,fixed detector confidence threshold; no temporal/geometric trust rule,uav0000086_00000_v
confidence_threshold_0.1,6993,7552,10286,0.4807837744929529,0.40471092077087795,0.43947963800904977,0.43947963800904977,1909,546.9914040114613,701,yolov8s,0.1,546.9914040114613,-0.014507399436618829,-4929.0,fixed detector confidence threshold; no temporal/geometric trust rule,uav0000117_02622_v
confidence_threshold_0.1,12856,6584,11232,0.6613168724279835,0.5337097309863833,0.5907002389266679,0.5907002389266679,2113,906.8669527896996,1109,yolov8s,0.1,906.8669527896996,0.1367132014809993,-4725.0,fixed detector confidence threshold; no temporal/geometric trust rule,uav0000137_00458_v
confidence_threshold_0.1,6163,10298,11508,0.3744000971994411,0.3487635108369645,0.36112738778858544,0.36112738778858544,2967,817.3553719008264,619,yolov8s,0.1,817.3553719008264,-0.09285964965708315,-3871.0,fixed detector confidence threshold; no temporal/geometric trust rule,uav0000182_00000_v
confidence_threshold_0.1,2453,4639,11125,0.34588268471517203,0.1806598910001473,0.2373488147073053,0.2373488147073053,716,73.21063394683026,56,yolov8s,0.1,73.21063394683026,-0.2166382227383633,-6122.0,fixed detector confidence threshold; no temporal/geometric trust rule,uav0000268_05773_v
confidence_threshold_0.1,902,4429,5489,0.16919902457325078,0.14113597246127366,0.15389865210714893,0.15389865210714893,860,467.39130434782606,130,yolov8s,0.1,467.39130434782606,-0.30008838533851967,-5978.0,fixed detector confidence threshold; no temporal/geometric trust rule,uav0000305_00000_v
confidence_threshold_0.1,5404,4952,6624,0.5218230977211279,0.44928500166278684,0.48284488920657614,0.48284488920657614,1479,537.8181818181818,399,yolov8s,0.1,537.8181818181818,0.02885785176090755,-5359.0,fixed detector confidence threshold; no temporal/geometric trust rule,uav0000339_00001_v
confidence_threshold_0.2,10156,3423,12941,0.7479195817070476,0.4397107849504265,0.5538226633220634,0.5538226633220634,634,136.63793103448276,605,yolov8s,0.2,136.63793103448276,0.09983562587639483,-6204.0,fixed detector confidence threshold; no temporal/geometric trust rule,uav0000086_00000_v
confidence_threshold_0.2,5448,2763,11831,0.6635001826817684,0.3152960240754673,0.42746174970576695,0.42746174970576695,683,195.70200573065904,597,yolov8s,0.2,195.70200573065904,-0.02652528773990165,-6155.0,fixed detector confidence threshold; no temporal/geometric trust rule,uav0000117_02622_v
confidence_threshold_0.2,9945,2275,14143,0.8138297872340425,0.4128611756891398,0.5478131541258124,0.5478131541258124,785,336.90987124463516,947,yolov8s,0.2,336.90987124463516,0.09382611668014385,-6053.0,fixed detector confidence threshold; no temporal/geometric trust rule,uav0000137_00458_v
confidence_threshold_0.2,4487,4216,13184,0.5155693439044008,0.25391885009337334,0.3402593463259271,0.3402593463259271,1156,318.4573002754821,466,yolov8s,0.2,318.4573002754821,-0.11372769111974151,-5682.0,fixed detector confidence threshold; no temporal/geometric trust rule,uav0000182_00000_v
confidence_threshold_0.2,2318,3136,11260,0.425009167583425,0.1707173368684637,0.24358974358974358,0.24358974358974358,303,30.981595092024538,56,yolov8s,0.2,30.981595092024538,-0.210397293855925,-6535.0,fixed detector confidence threshold; no temporal/geometric trust rule,uav0000268_05773_v
confidence_threshold_0.2,630,2644,5761,0.19242516799022602,0.09857612267250822,0.13036730470770821,0.13036730470770821,353,191.84782608695653,107,yolov8s,0.2,191.84782608695653,-0.3236197327379604,-6485.0,fixed detector confidence threshold; no temporal/geometric trust rule,uav0000305_00000_v
confidence_threshold_0.2,4445,1904,7583,0.7001102535832414,0.3695543731293648,0.4837568700005441,0.4837568700005441,667,242.54545454545453,395,yolov8s,0.2,242.54545454545453,0.02976983255487553,-6171.0,fixed detector confidence threshold; no temporal/geometric trust rule,uav0000339_00001_v
confidence_threshold_0.3,8899,1627,14198,0.8454303629108874,0.38528813265792095,0.5293400350950243,0.5293400350950243,264,56.896551724137936,535,yolov8s,0.3,56.896551724137936,0.07535299764935566,-6574.0,fixed detector confidence threshold; no temporal/geometric trust rule,uav0000086_00000_v
confidence_threshold_0.3,4104,1118,13175,0.7859057832248181,0.2375137450083917,0.3647837873872273,0.3647837873872273,272,77.93696275071633,469,yolov8s,0.3,77.93696275071633,-0.08920325005844132,-6566.0,fixed detector confidence threshold; no temporal/geometric trust rule,uav0000117_02622_v
confidence_threshold_0.3,7610,937,16478,0.8903708903708903,0.31592494187977416,0.4663704611613298,0.4663704611613298,324,139.0557939914163,721,yolov8s,0.3,139.0557939914163,0.012383423715661201,-6514.0,fixed detector confidence threshold; no temporal/geometric trust rule,uav0000137_00458_v
confidence_threshold_0.3,3237,1889,14434,0.6314865392118612,0.18318148378699564,0.28398473483353076,0.28398473483353076,496,136.63911845730027,351,yolov8s,0.3,136.63911845730027,-0.17000230261213783,-6342.0,fixed detector confidence threshold; no temporal/geometric trust rule,uav0000182_00000_v
confidence_threshold_0.3,2204,2326,11374,0.48653421633554084,0.16232140226837533,0.24342831897503867,0.24342831897503867,184,18.813905930470348,65,yolov8s,0.3,18.813905930470348,-0.21055871847062993,-6654.0,fixed detector confidence threshold; no temporal/geometric trust rule,uav0000268_05773_v
confidence_threshold_0.3,399,1827,5992,0.1792452830188679,0.0624315443592552,0.0926076360682372,0.0926076360682372,190,103.26086956521738,72,yolov8s,0.3,103.26086956521738,-0.3613794013774314,-6648.0,fixed detector confidence threshold; no temporal/geometric trust rule,uav0000305_00000_v
confidence_threshold_0.3,3661,692,8367,0.8410291752814151,0.3043731293648154,0.4469812587754105,0.4469812587754105,283,102.9090909090909,344,yolov8s,0.3,102.9090909090909,-0.007005778670258089,-6555.0,fixed detector confidence threshold; no temporal/geometric trust rule,uav0000339_00001_v
confidence_threshold_0.4,7655,946,15442,0.8900127892105569,0.33142832402476513,0.4829957726039498,0.4829957726039498,135,29.094827586206897,528,yolov8s,0.4,29.094827586206897,0.02900873515828123,-6703.0,fixed detector confidence threshold; no temporal/geometric trust rule,uav0000086_00000_v
confidence_threshold_0.4,3052,389,14227,0.8869514675966289,0.17663059204815093,0.2945945945945946,0.2945945945945946,111,31.805157593123205,301,yolov8s,0.4,31.805157593123205,-0.159392442851074,-6727.0,fixed detector confidence threshold; no temporal/geometric trust rule,uav0000117_02622_v
confidence_threshold_0.4,5839,407,18249,0.9348382965097662,0.2424028561939555,0.38498054987802466,0.38498054987802466,128,54.93562231759657,530,yolov8s,0.4,54.93562231759657,-0.06900648756764394,-6710.0,fixed detector confidence threshold; no temporal/geometric trust rule,uav0000137_00458_v
confidence_threshold_0.4,2278,807,15393,0.7384116693679093,0.1289117763567427,0.21950279437271153,0.21950279437271153,221,60.88154269972452,268,yolov8s,0.4,60.88154269972452,-0.23448424307295707,-6617.0,fixed detector confidence threshold; no temporal/geometric trust rule,uav0000182_00000_v
confidence_threshold_0.4,2045,1680,11533,0.548993288590604,0.15061128295772575,0.23637519505288102,0.23637519505288102,114,11.65644171779141,95,yolov8s,0.4,11.65644171779141,-0.21761184239278758,-6724.0,fixed detector confidence threshold; no temporal/geometric trust rule,uav0000268_05773_v
confidence_threshold_0.4,269,1183,6122,0.18526170798898073,0.042090439680801124,0.06859620043350759,0.06859620043350759,118,64.13043478260869,54,yolov8s,0.4,64.13043478260869,-0.38539083701216104,-6720.0,fixed detector confidence threshold; no temporal/geometric trust rule,uav0000305_00000_v
confidence_threshold_0.4,2974,230,9054,0.9282147315855181,0.2472564017292983,0.3904936974789916,0.3904936974789916,106,38.54545454545455,265,yolov8s,0.4,38.54545454545455,-0.063493339966677,-6732.0,fixed detector confidence threshold; no temporal/geometric trust rule,uav0000339_00001_v
confidence_threshold_0.5,6244,563,16853,0.917291023945938,0.27033813915227084,0.4176029962546816,0.4176029962546816,75,16.163793103448278,456,yolov8s,0.5,16.163793103448278,-0.03638404119098698,-6763.0,fixed detector confidence threshold; no temporal/geometric trust rule,uav0000086_00000_v
confidence_threshold_0.5,2262,125,15017,0.9476330121491412,0.13091035360842643,0.23004169632868915,0.23004169632868915,42,12.034383954154727,237,yolov8s,0.5,12.034383954154727,-0.22394534111697945,-6796.0,fixed detector confidence threshold; no temporal/geometric trust rule,uav0000117_02622_v
confidence_threshold_0.5,4433,211,19655,0.9545650301464255,0.18403354367319827,0.3085758039816232,0.3085758039816232,55,23.605150214592275,343,yolov8s,0.5,23.605150214592275,-0.1454112334640454,-6783.0,fixed detector confidence threshold; no temporal/geometric trust rule,uav0000137_00458_v
confidence_threshold_0.5,1577,303,16094,0.8388297872340426,0.08924226133212608,0.16132167152575314,0.16132167152575314,86,23.69146005509642,196,yolov8s,0.5,23.69146005509642,-0.29266536591991543,-6752.0,fixed detector confidence threshold; no temporal/geometric trust rule,uav0000182_00000_v
confidence_threshold_0.5,1700,1225,11878,0.5811965811965812,0.12520253351008986,0.20602314730655039,0.20602314730655039,65,6.646216768916155,155,yolov8s,0.5,6.646216768916155,-0.2479638901391182,-6773.0,fixed detector confidence threshold; no temporal/geometric trust rule,uav0000268_05773_v
confidence_threshold_0.5,174,752,6217,0.1879049676025918,0.02722578626193084,0.04756047560475605,0.04756047560475605,70,38.04347826086957,34,yolov8s,0.5,38.04347826086957,-0.4064265618409125,-6768.0,fixed detector confidence threshold; no temporal/geometric trust rule,uav0000305_00000_v
confidence_threshold_0.5,2439,56,9589,0.9775551102204408,0.20277685400731627,0.3358810163189424,0.3358810163189424,25,9.090909090909092,157,yolov8s,0.5,9.090909090909092,-0.11810602112672619,-6813.0,fixed detector confidence threshold; no temporal/geometric trust rule,uav0000339_00001_v
confidence_threshold_0.6,4674,358,18423,0.9288553259141494,0.20236394336926875,0.332326069181272,0.332326069181272,41,8.836206896551724,387,yolov8s,0.6,8.836206896551724,-0.1216609682643966,-6797.0,fixed detector confidence threshold; no temporal/geometric trust rule,uav0000086_00000_v
confidence_threshold_0.6,1616,54,15663,0.9676646706586827,0.09352393078303142,0.17056309040054887,0.17056309040054887,16,4.584527220630372,130,yolov8s,0.6,4.584527220630372,-0.28342394704511975,-6822.0,fixed detector confidence threshold; no temporal/geometric trust rule,uav0000117_02622_v
confidence_threshold_0.6,3278,119,20810,0.9649690903738593,0.13608435735636001,0.2385301073312716,0.2385301073312716,23,9.871244635193133,220,yolov8s,0.6,9.871244635193133,-0.21545693011439698,-6815.0,fixed detector confidence threshold; no temporal/geometric trust rule,uav0000137_00458_v
confidence_threshold_0.6,1083,64,16588,0.944202266782912,0.06128685416784562,0.11510256137740463,0.11510256137740463,31,8.539944903581267,129,yolov8s,0.6,8.539944903581267,-0.338884476068264,-6807.0,fixed detector confidence threshold; no temporal/geometric trust rule,uav0000182_00000_v
confidence_threshold_0.6,1317,875,12261,0.6008211678832117,0.09699513919575785,0.16702599873176918,0.16702599873176918,31,3.1697341513292434,157,yolov8s,0.6,3.1697341513292434,-0.28696103871389944,-6807.0,fixed detector confidence threshold; no temporal/geometric trust rule,uav0000268_05773_v
confidence_threshold_0.6,86,428,6305,0.16731517509727625,0.013456423094977311,0.024909485879797248,0.024909485879797248,40,21.73913043478261,19,yolov8s,0.6,21.73913043478261,-0.42907755156587135,-6798.0,fixed detector confidence threshold; no temporal/geometric trust rule,uav0000305_00000_v
confidence_threshold_0.6,1986,21,10042,0.9895366218236173,0.16511473229132026,0.28300676879230496,0.28300676879230496,10,3.6363636363636362,175,yolov8s,0.6,3.6363636363636362,-0.17098026865336363,-6828.0,fixed detector confidence threshold; no temporal/geometric trust rule,uav0000339_00001_v
confidence_threshold_0.7,2724,122,20373,0.9571328179901616,0.11793739446681387,0.20999884361870252,0.20999884361870252,19,4.094827586206897,292,yolov8s,0.7,4.094827586206897,-0.24398819382696607,-6819.0,fixed detector confidence threshold; no temporal/geometric trust rule,uav0000086_00000_v
confidence_threshold_0.7,1113,24,16166,0.978891820580475,0.06441344985242202,0.12087315377932235,0.12087315377932235,6,1.7191977077363898,107,yolov8s,0.7,1.7191977077363898,-0.33311388366634626,-6832.0,fixed detector confidence threshold; no temporal/geometric trust rule,uav0000117_02622_v
confidence_threshold_0.7,2381,73,21707,0.9702526487367563,0.09884589837263368,0.17941375932484366,0.17941375932484366,13,5.579399141630901,129,yolov8s,0.7,5.579399141630901,-0.27457327812082494,-6825.0,fixed detector confidence threshold; no temporal/geometric trust rule,uav0000137_00458_v
confidence_threshold_0.7,628,7,17043,0.988976377952756,0.035538452832324145,0.06861138424560254,0.06861138424560254,5,1.3774104683195594,87,yolov8s,0.7,1.3774104683195594,-0.38537565320006606,-6833.0,fixed detector confidence threshold; no temporal/geometric trust rule,uav0000182_00000_v
confidence_threshold_0.7,884,573,12694,0.606726149622512,0.06510531742524672,0.11759228466910543,0.11759228466910543,21,2.147239263803681,139,yolov8s,0.7,2.147239263803681,-0.33639475277656317,-6817.0,fixed detector confidence threshold; no temporal/geometric trust rule,uav0000268_05773_v
confidence_threshold_0.7,36,122,6355,0.22784810126582278,0.005632921295571898,0.010994044892349977,0.010994044892349977,15,8.152173913043478,5,yolov8s,0.7,8.152173913043478,-0.44299299255331864,-6823.0,fixed detector confidence threshold; no temporal/geometric trust rule,uav0000305_00000_v
confidence_threshold_0.7,1458,11,10570,0.9925119128658951,0.12121715996009312,0.21604801066903756,0.21604801066903756,7,2.5454545454545454,135,yolov8s,0.7,2.5454545454545454,-0.23793902677663104,-6831.0,fixed detector confidence threshold; no temporal/geometric trust rule,uav0000339_00001_v
